{
    "doc_1": 0,
    "doc_2": 0,
    "doc_3": 1.97626e-05,
    "doc_4": 2.14985e-05,
    "doc_5": 2.47032e-05,
    "doc_6": 4.35311e-05,
    "doc_7": 6.06231e-05,
    "doc_8": 0.0001127
}