{"doc_1":0.0117521,"doc_2":0.00249141,"doc_3":0.00085944,"doc_4":0.000186695,"doc_5":0,"doc_6":0,"doc_7":0,"doc_8":0,"doc_9":0,"doc_10":0,"doc_11":0,"doc_12":0,"doc_13":0,"doc_14":0,"doc_15":0,"doc_16":0,"doc_17":0,"doc_18":0,"doc_19":0,"doc_20":0,"doc_21":0,"doc_22":0,"doc_23":0,"doc_24":0,"doc_25":0}